0,khang,khang@gmail.com,2/18/2024,2/1/2024 08:48,827ccb0eea8a706c4c34a16891f84e7b,NULL
1,minh,minh@gmai.com,2/19/2024,2/2/2024 08:48,827ccb0eea8a706c4c34a16891f84e7b,NULL
2,ngoc,ngoc@gmail.com,2/20/2024,2/3/2024 08:48,827ccb0eea8a706c4c34a16891f84e7b,NULL
3,hanh,hanh@gmail.com,2/21/2024,2/4/2024 08:48,827ccb0eea8a706c4c34a16891f84e7b,NULL
4,vy,vy@gmai.com,2/22/2024,2/5/2024 08:48,827ccb0eea8a706c4c34a16891f84e7b,NULL
5,khang,khang1@gmail.com,2/23/2024,2/6/2024 08:48,827ccb0eea8a706c4c34a16891f84e7b,NULL
6,thanh,thanh@gmail.com,2/24/2024,2/7/2024 08:48,827ccb0eea8a706c4c34a16891f84e7b,NULL
7,bang,thanh@gmai.com,2/25/2024,2/8/2024 08:48,827ccb0eea8a706c4c34a16891f84e7b,NULL
8,tri,tri@gmail.com,2/26/2024,2/9/2024 08:48,827ccb0eea8a706c4c34a16891f84e7b,NULL
9,hung,tri@gmail.com,2/27/2024,2/10/2024 08:48,827ccb0eea8a706c4c34a16891f84e7b,NULL
